{
    "consistency_accuracies":0.9064327485380117,
    "cll":0.9064327485380117,
    "mmce":0.8888888888888888,
    "experiment":"breastcancer"
}{
    "consistency_accuracies":0.7405857740585774,
    "cll":0.7405857740585774,
    "mmce":0.7364016736401674,
    "experiment":"obs"
}{
    "consistency_accuracies":0.8961937716262975,
    "cll":0.8096885813148789,
    "mmce":0.9342560553633218,
    "experiment":"cardio"
}{
    "consistency_accuracies":0.7068164213787761,
    "cll":0.7068164213787761,
    "mmce":0.7068164213787761,
    "experiment":"clave"
}{
    "consistency_accuracies":0.6095238095238096,
    "cll":0.6047619047619047,
    "mmce":0.6428571428571429,
    "experiment":"creditcard"
}{
    "consistency_accuracies":0.9178532311062432,
    "cll":0.9671412924424972,
    "mmce":0.891566265060241,
    "experiment":"statlog"
}{
    "consistency_accuracies":0.8492613807657522,
    "cll":0.7672595719023214,
    "mmce":0.7576123002713295,
    "experiment":"phishing"
}{
    "consistency_accuracies":0.5673141326188882,
    "cll":0.5539182853315472,
    "mmce":0.5927662424648359,
    "experiment":"wine"
}
=====================================================================================0
{
    "label_accuracy":0.952,
    "test_score":0.942,
    "experiment":"fashion-mnist"
}{
    "label_accuracy":0.4973125,
    "test_score":0.5035,
    "experiment":"synthetic"
}{
    "label_accuracy":0.745,
    "test_score":0.752,
    "experiment":"svhn"
}
{
    "label_accuracy":0.535767883941971,
    "test_score":0.49917627677100496,
    "experiment":"sst-2"
}{
    "label_accuracy":0.4994174491124666,
    "test_score":0.5053942722636328,
    "experiment":"imbd"
}{
    "label_accuracy":0.6851884505179634,
    "test_score":0.68,
    "experiment":"yelp"
}
{
    "label_accuracy":0.535767883941971,
    "test_score":0.49917627677100496,
    "experiment":"sst-2"
}