{
    "cll_label_acc":0.7228125,
    "cll_test_acc":0.80625,
    "consistency_label_accuracies":[
        0.944,
        0.9506875,
        0.94225
    ],
    "consistency_label_stats":[
        0.9456458333333333,
        0.0036358792685615405
    ],
    "consistency_test_accuracies":[
        0.95575,
        0.9615,
        0.96725
    ],
    "consistency_test_stats":[
        0.9615,
        0.004694855340334451
    ],
    "mv_label_acc":0.727625,
    "mv_test_acc":0.7845,
    "spv_test_acc":0.991
}