{
    "consistency_label_accuracies":[
        0.9034436191762323,
        0.9216745442268738,
        0.9182984469952734
    ],
    "consistency_label_stats":[
        0.9144722034661265,
        0.007919249194579873
    ],
    "consistency_test_accuracies":[
        0.9396551724137931,
        0.9525862068965517,
        0.9439655172413793
    ],
    "consistency_test_stats":[
        0.9454022988505747,
        0.005375944521226903
    ]
}
