{
    "ALL":[
        0.8096885813148789,
        0.8062283737024222,
        0.8062283737024222,
        0.8062283737024222,
        0.8027681660899654,
        0.7993079584775087,
        0.8062283737024222,
        0.8096885813148789,
        0.8096885813148789,
        0.8027681660899654
    ],
    "GE":[
        0.8166089965397924,
        0.6851211072664359,
        0.6124567474048442,
        0.5882352941176471,
        0.5709342560553633,
        0.5778546712802768,
        0.5501730103806228,
        0.5501730103806228,
        0.5467128027681661,
        0.5397923875432526
    ],
    "AVG":[
        0.916955017301038,
        0.9273356401384083,
        0.8512110726643599,
        0.7854671280276817,
        0.7612456747404844,
        0.7162629757785467,
        0.71280276816609,
        0.6851211072664359,
        0.6747404844290658,
        0.6747404844290658
    ],
    "WS":[
        0.9238754325259516,
        0.5986159169550173,
        0.5986159169550173,
        0.5986159169550173,
        0.5986159169550173,
        0.5986159169550173,
        0.5986159169550173,
        0.5986159169550173,
        0.5986159169550173,
        0.5986159169550173
    ],
    "W-AVG":[
        0.9377162629757786,
        0.9238754325259516,
        0.9377162629757786,
        0.8961937716262975,
        0.8373702422145328,
        0.7681660899653979,
        0.7612456747404844,
        0.7370242214532872,
        0.7093425605536332,
        0.6955017301038062
    ]
}
