{
    "consistency_label_accuracies":[
        0.8410751076980708,
        0.8396703502528563,
        0.8408878067053756
    ],
    "consistency_label_stats":[
        0.8405444215521009,
        0.0006227738447668344
    ],
    "consistency_test_accuracies":[
        0.748607061069452,
        0.7451030483818415,
        0.7597450599705426
    ],
    "consistency_test_stats":[
        0.7511517231406121,
        0.0062425211057293845
    ]
}
