{
    "cll_label_acc":0.8815342837746096,
    "cll_test_acc":0.608,
    "consistency_label_accuracies":[
        0.8530210454854039,
        0.8601493550577054,
        0.8550577053632044
    ],
    "consistency_label_stats":[
        0.8560760353021045,
        0.0029978821677963045
    ],
    "consistency_test_accuracies":[
        0.608,
        0.652,
        0.638
    ],
    "consistency_test_stats":[
        0.6326666666666667,
        0.018354533197248286
    ],
    "mv_label_acc":0.2708757637474542,
    "mv_test_acc":0.478,
    "spv_test_acc":0.732
}