{
    "consistency_label_accuracies":[
        0.8258129064532266,
        0.8239119559779889,
        0.8259129564782391
    ],
    "consistency_label_stats":[
        0.8252126063031516,
        0.0009206052187322082
    ],
    "consistency_test_accuracies":[
        0.8250542635658915,
        0.8217674418604651,
        0.8253023255813954
    ],
    "consistency_test_stats":[
        0.8240413436692506,
        0.001611077438213856
    ]
}