{
    "cll_label_acc":0.771,
    "cll_test_acc":0.756,
    "consistency_label_accuracies":[
        0.983,
        0.975,
        0.97
    ],
    "consistency_label_stats":[
        0.976,
        0.005354126134736342
    ],
    "consistency_test_accuracies":[
        0.982,
        0.958,
        0.97
    ],
    "consistency_test_stats":[
        0.9700000000000001,
        0.00979795897113272
    ],
    "mv_label_acc":0.868,
    "mv_test_acc":0.892,
    "spv_test_acc":0.992
}