{
    "cll_label_acc":0.7366527311356316,
    "cll_test_acc":0.6803158101216163,
    "consistency_label_accuracies":[
        0.8152285655541087,
        0.8062846960455075,
        0.8110821739428414
    ],
    "consistency_label_stats":[
        0.8108651451808192,
        0.0036545429772983046
    ],
    "consistency_test_accuracies":[
        0.781090623774029,
        0.7760886622204786,
        0.780109846998823
    ],
    "consistency_test_stats":[
        0.7790963776644436,
        0.0021641387685936366
    ],
    "mv_label_acc":0.7008087177026935,
    "mv_test_acc":0.7161632012553942,
    "spv_test_acc":0.8162514711651628
}