{
    "consistency_label_accuracies":[
        0.9875675675675676,
        0.9864864864864865,
        0.9881081081081081
    ],
    "consistency_label_stats":[
        0.9873873873873874,
        0.000674172502121424
    ],
    "consistency_test_accuracies":[
        0.9500000000000001,
        0.9500000000000001,
        0.9500000000000001
    ],
    "consistency_test_stats":[
        0.9500000000000001,
        0.0
    ]
}