{
    "cll_label_acc":0.6775887943971985,
    "cll_test_acc":0.686436024162548,
    "consistency_label_accuracies":[
        0.7413706853426714,
        0.7398699349674838,
        0.742871435717859
    ],
    "consistency_label_stats":[
        0.7413706853426714,
        0.0012253575501666762
    ],
    "consistency_test_accuracies":[
        0.7358594179022515,
        0.7320153761669412,
        0.7254255903349808
    ],
    "consistency_test_stats":[
        0.7311001281347246,
        0.00430847603732009
    ],
    "mv_label_acc":0.6735867933966984,
    "mv_test_acc":0.671609006040637,
    "spv_test_acc":0.7825370675453048
}