{
    "consistency_accuracies":[
        0.7456228114057029,
        0.7366183091545773,
        0.7388694347173587
    ],
    "consistency_stats":[
        0.7403701850925463,
        0.003826177724056629
    ],
    "experiment":"uniform_regularization"
}
{
    "consistency_accuracies":[
        0.7411205602801401,
        0.7388694347173587,
        0.7381190595297649
    ],
    "consistency_stats":[
        0.7393696848424213,
        0.0012753925746855428
    ],
    "experiment":"without_regularization"
}
{
    "consistency_accuracies":[
        0.7208604302151076,
        0.7273636818409205,
        0.7236118059029515
    ],
    "consistency_stats":[
        0.7239453059863266,
        0.0026653939241530335
    ],
    "experiment":"without_slack"
}
