{
    "consistency_label_accuracies":[
        0.17662061636556856,
        0.17874601487778957,
        0.17300743889479278
    ],
    "consistency_label_stats":[
        0.17612469004605028,
        0.0023688634073397714
    ],
    "consistency_test_accuracies":[
        0.7775467775467776,
        0.7920997920997921,
        0.7920997920997921
    ],
    "consistency_test_stats":[
        0.7872487872487873,
        0.006860356851428709
    ]
}
