{
    "consistency_accuracies":[
        0.8315186246418338,
        0.8292704430240246,
        0.8342517081772096
    ],
    "consistency_stats":[
        0.8316802586143561,
        0.002036802197463584
    ],
    "experiment":"uniform_regularization"
}{
    "consistency_accuracies":[
        0.8285871721401807,
        0.8192197487326427,
        0.8203217985452943
    ],
    "consistency_stats":[
        0.8227095731393725,
        0.004180371272037703
    ],
    "experiment":"without_regularization"
}
{
    "consistency_accuracies":[
        0.8311218867092792,
        0.8268238924399383,
        0.8293586070090369
    ],
    "consistency_stats":[
        0.8291014620527514,
        0.0017640448466009803
    ],
    "experiment":"without_slack"
}
