{
    "ALL":[
        0.8131487889273357,
        0.8096885813148789,
        0.7958477508650519,
        0.7958477508650519,
        0.7958477508650519,
        0.7958477508650519,
        0.7958477508650519,
        0.7958477508650519,
        0.7958477508650519,
        0.7923875432525952
    ],
    "GE":[
        0.9238754325259516,
        0.6089965397923875,
        0.6089965397923875,
        0.6089965397923875,
        0.6089965397923875,
        0.6089965397923875,
        0.6089965397923875,
        0.6089965397923875,
        0.6089965397923875,
        0.6089965397923875
    ],
    "BASELINE":[
        0.8200692041522492,
        0.657439446366782,
        0.5882352941176471,
        0.5640138408304498,
        0.5536332179930796,
        0.5467128027681661,
        0.5432525951557093,
        0.5363321799307958,
        0.532871972318339,
        0.5294117647058824
    ],
    "WS":[
        0.9204152249134948,
        0.9307958477508651,
        0.8823529411764706,
        0.7993079584775087,
        0.7820069204152249,
        0.7231833910034602,
        0.7197231833910035,
        0.7093425605536332,
        0.6851211072664359,
        0.6782006920415224
    ]
}